<?xml version="1.0" encoding="UTF-8"?>
<root>
  <item name="com.ogaclejapan.smarttablayout.utils.v4.FragmentPagerItems.Creator com.ogaclejapan.smarttablayout.utils.v4.FragmentPagerItems.Creator add(int, float, java.lang.Class&lt;? extends android.support.v4.app.Fragment&gt;) 0">
    <annotation name="android.support.annotation.StringRes" />
  </item>
  <item name="com.ogaclejapan.smarttablayout.utils.v4.FragmentPagerItems.Creator com.ogaclejapan.smarttablayout.utils.v4.FragmentPagerItems.Creator add(int, float, java.lang.Class&lt;? extends android.support.v4.app.Fragment&gt;, android.os.Bundle) 0">
    <annotation name="android.support.annotation.StringRes" />
  </item>
  <item name="com.ogaclejapan.smarttablayout.utils.v4.FragmentPagerItems.Creator com.ogaclejapan.smarttablayout.utils.v4.FragmentPagerItems.Creator add(int, java.lang.Class&lt;? extends android.support.v4.app.Fragment&gt;) 0">
    <annotation name="android.support.annotation.StringRes" />
  </item>
  <item name="com.ogaclejapan.smarttablayout.utils.v4.FragmentPagerItems.Creator com.ogaclejapan.smarttablayout.utils.v4.FragmentPagerItems.Creator add(int, java.lang.Class&lt;? extends android.support.v4.app.Fragment&gt;, android.os.Bundle) 0">
    <annotation name="android.support.annotation.StringRes" />
  </item>
</root>

