<?xml version="1.0" encoding="UTF-8"?>
<root>
  <item name="com.ogaclejapan.smarttablayout.utils.ViewPagerItem ViewPagerItem(java.lang.CharSequence, float, int) 2">
    <annotation name="android.support.annotation.LayoutRes" />
  </item>
  <item name="com.ogaclejapan.smarttablayout.utils.ViewPagerItem com.ogaclejapan.smarttablayout.utils.ViewPagerItem of(java.lang.CharSequence, float, int) 2">
    <annotation name="android.support.annotation.LayoutRes" />
  </item>
  <item name="com.ogaclejapan.smarttablayout.utils.ViewPagerItem com.ogaclejapan.smarttablayout.utils.ViewPagerItem of(java.lang.CharSequence, int) 1">
    <annotation name="android.support.annotation.LayoutRes" />
  </item>
  <item name="com.ogaclejapan.smarttablayout.utils.ViewPagerItems.Creator com.ogaclejapan.smarttablayout.utils.ViewPagerItems.Creator add(int, float, int) 0">
    <annotation name="android.support.annotation.StringRes" />
  </item>
  <item name="com.ogaclejapan.smarttablayout.utils.ViewPagerItems.Creator com.ogaclejapan.smarttablayout.utils.ViewPagerItems.Creator add(int, float, int) 2">
    <annotation name="android.support.annotation.LayoutRes" />
  </item>
  <item name="com.ogaclejapan.smarttablayout.utils.ViewPagerItems.Creator com.ogaclejapan.smarttablayout.utils.ViewPagerItems.Creator add(int, int) 0">
    <annotation name="android.support.annotation.StringRes" />
  </item>
  <item name="com.ogaclejapan.smarttablayout.utils.ViewPagerItems.Creator com.ogaclejapan.smarttablayout.utils.ViewPagerItems.Creator add(int, int) 1">
    <annotation name="android.support.annotation.LayoutRes" />
  </item>
  <item name="com.ogaclejapan.smarttablayout.utils.ViewPagerItems.Creator com.ogaclejapan.smarttablayout.utils.ViewPagerItems.Creator add(java.lang.CharSequence, int) 1">
    <annotation name="android.support.annotation.LayoutRes" />
  </item>
</root>

